mode,scenario,runs,metric,mean,std,min,max
baseline,CAL,1,availability,1.0,0.0,1.0,1.0
baseline,CAL,1,failed_requests,0.0,0.0,0,0
baseline,CAL,1,p95_ms,89.0,0.0,89.0,89.0
baseline,CAL,1,client_impact_s,,,,
baseline,CAL,1,detection_s,,,,
baseline,CAL,1,recovery_s,,,,
baseline,CAL,1,recovered_share,,,,
baseline,CAL,1,downtime_s,,,,
baseline,CAL,1,fault_window_failed,,,,
baseline,CAL,1,MTTR_s,,,,
baseline,CAL,1,payments_recovered_by_retry,0.0,0.0,0,0
baseline,CAL,1,recovered_by_system,0.0,0.0,0,0
baseline,CAL,1,automatic_restarts,0.0,0.0,0,0
baseline,CAL,1,bad_copies,0.0,0.0,0,0
baseline,CAL,1,confirmed_without_tuition,0.0,0.0,0,0
baseline,CAL,1,duplicate_charges,0.0,0.0,0,0
baseline,CAL,1,invoice_mismatch,0.0,0.0,0,0
baseline,CAL,1,lost_documents,0.0,0.0,0,0
baseline,CAL,1,lost_payments,0.0,0.0,0,0
baseline,CAL,1,overbooked_sections,0.0,0.0,0,0
baseline,CAL,1,partial_batch,0.0,0.0,0,0
baseline,CAL,1,phantom_payments,0.0,0.0,0,0
baseline,CAL,1,seat_counter_drift,8.0,0.0,8,8
baseline,CAL,1,stuck_jobs,0.0,0.0,0,0
baseline,CAL,1,unfinished_payments,0.0,0.0,0,0
baseline,CAL,1,unscheduled_sections,0.0,0.0,0,0
baseline,CAL_RUSH,1,availability,0.7225,0.0,0.72248,0.72248
baseline,CAL_RUSH,1,failed_requests,6938.0,0.0,6938,6938
baseline,CAL_RUSH,1,p95_ms,3076.9,0.0,3076.9,3076.9
baseline,CAL_RUSH,1,client_impact_s,,,,
baseline,CAL_RUSH,1,detection_s,,,,
baseline,CAL_RUSH,1,recovery_s,,,,
baseline,CAL_RUSH,1,recovered_share,,,,
baseline,CAL_RUSH,1,downtime_s,,,,
baseline,CAL_RUSH,1,fault_window_failed,,,,
baseline,CAL_RUSH,1,MTTR_s,28.0,0.0,28.0,28.0
baseline,CAL_RUSH,1,payments_recovered_by_retry,0.0,0.0,0,0
baseline,CAL_RUSH,1,recovered_by_system,0.0,0.0,0,0
baseline,CAL_RUSH,1,automatic_restarts,0.0,0.0,0,0
baseline,CAL_RUSH,1,bad_copies,0.0,0.0,0,0
baseline,CAL_RUSH,1,confirmed_without_tuition,0.0,0.0,0,0
baseline,CAL_RUSH,1,duplicate_charges,0.0,0.0,0,0
baseline,CAL_RUSH,1,invoice_mismatch,0.0,0.0,0,0
baseline,CAL_RUSH,1,lost_documents,0.0,0.0,0,0
baseline,CAL_RUSH,1,lost_payments,0.0,0.0,0,0
baseline,CAL_RUSH,1,overbooked_sections,35.0,0.0,35,35
baseline,CAL_RUSH,1,partial_batch,0.0,0.0,0,0
baseline,CAL_RUSH,1,phantom_payments,0.0,0.0,0,0
baseline,CAL_RUSH,1,seat_counter_drift,36.0,0.0,36,36
baseline,CAL_RUSH,1,stuck_jobs,0.0,0.0,0,0
baseline,CAL_RUSH,1,unfinished_payments,0.0,0.0,0,0
baseline,CAL_RUSH,1,unscheduled_sections,0.0,0.0,0,0
baseline,E1,5,availability,0.7556,0.0048,0.74728,0.7589
baseline,E1,5,failed_requests,936.8,22.8954,921,977
baseline,E1,5,p95_ms,90.94,0.7956,90.4,92.3
baseline,E1,5,client_impact_s,0.1,0.0539,0.03,0.17
baseline,E1,5,detection_s,31.678,0.0952,31.59,31.82
baseline,E1,5,recovery_s,41.0,0.0,41.0,41.0
baseline,E1,5,recovered_share,1.0,0.0,True,True
baseline,E1,5,downtime_s,41.0,0.0,41.0,41.0
baseline,E1,5,fault_window_failed,936.6,22.4566,921,976
baseline,E1,5,MTTR_s,41.0,0.0,41.0,41.0
baseline,E1,5,payments_recovered_by_retry,4.6,1.6733,2,6
baseline,E1,5,recovered_by_system,0.0,0.0,0,0
baseline,E1,5,automatic_restarts,0.0,0.0,0,0
baseline,E1,5,bad_copies,0.0,0.0,0,0
baseline,E1,5,confirmed_without_tuition,0.0,0.0,0,0
baseline,E1,5,duplicate_charges,0.0,0.0,0,0
baseline,E1,5,invoice_mismatch,0.0,0.0,0,0
baseline,E1,5,lost_documents,0.0,0.0,0,0
baseline,E1,5,lost_payments,0.6,0.5477,0,1
baseline,E1,5,overbooked_sections,0.0,0.0,0,0
baseline,E1,5,partial_batch,0.0,0.0,0,0
baseline,E1,5,phantom_payments,0.0,0.0,0,0
baseline,E1,5,seat_counter_drift,0.0,0.0,0,0
baseline,E1,5,stuck_jobs,0.0,0.0,0,0
baseline,E1,5,unfinished_payments,0.0,0.0,0,0
baseline,E1,5,unscheduled_sections,0.0,0.0,0,0
baseline,E1b,5,availability,0.7364,0.003,0.73192,0.73926
baseline,E1b,5,failed_requests,1009.4,15.3721,995,1034
baseline,E1b,5,p95_ms,268.86,125.654,92.8,410.5
baseline,E1b,5,client_impact_s,0.1,0.0539,0.03,0.17
baseline,E1b,5,detection_s,,,,
baseline,E1b,5,recovery_s,43.0,0.0,43.0,43.0
baseline,E1b,5,recovered_share,1.0,0.0,True,True
baseline,E1b,5,downtime_s,43.0,0.0,43.0,43.0
baseline,E1b,5,fault_window_failed,1009.2,14.9733,995,1033
baseline,E1b,5,MTTR_s,43.0,0.0,43.0,43.0
baseline,E1b,5,payments_recovered_by_retry,33.8,3.8987,30,40
baseline,E1b,5,recovered_by_system,0.0,0.0,0,0
baseline,E1b,5,automatic_restarts,0.0,0.0,0,0
baseline,E1b,5,bad_copies,0.0,0.0,0,0
baseline,E1b,5,confirmed_without_tuition,0.0,0.0,0,0
baseline,E1b,5,duplicate_charges,0.0,0.0,0,0
baseline,E1b,5,invoice_mismatch,0.0,0.0,0,0
baseline,E1b,5,lost_documents,0.0,0.0,0,0
baseline,E1b,5,lost_payments,0.6,0.5477,0,1
baseline,E1b,5,overbooked_sections,0.0,0.0,0,0
baseline,E1b,5,partial_batch,0.0,0.0,0,0
baseline,E1b,5,phantom_payments,0.0,0.0,0,0
baseline,E1b,5,seat_counter_drift,9.8,2.1679,8,13
baseline,E1b,5,stuck_jobs,0.0,0.0,0,0
baseline,E1b,5,unfinished_payments,0.0,0.0,0,0
baseline,E1b,5,unscheduled_sections,0.0,0.0,0,0
baseline,E2,5,availability,0.6288,0.0082,0.61429,0.63437
baseline,E2,5,failed_requests,1410.4,33.0651,1385,1468
baseline,E2,5,p95_ms,1574.72,247.3295,1260.9,1885.9
baseline,E2,5,client_impact_s,0.08,0.0308,0.03,0.1
baseline,E2,5,detection_s,,,,
baseline,E2,5,recovery_s,42.4,0.8944,42.0,44.0
baseline,E2,5,recovered_share,1.0,0.0,True,True
baseline,E2,5,downtime_s,42.4,0.8944,42.0,44.0
baseline,E2,5,fault_window_failed,1410.4,33.0651,1385,1468
baseline,E2,5,MTTR_s,42.4,0.8944,42.0,44.0
baseline,E2,5,payments_recovered_by_retry,33.0,5.0498,25,39
baseline,E2,5,recovered_by_system,0.0,0.0,0,0
baseline,E2,5,automatic_restarts,0.0,0.0,0,0
baseline,E2,5,bad_copies,0.0,0.0,0,0
baseline,E2,5,confirmed_without_tuition,0.0,0.0,0,0
baseline,E2,5,duplicate_charges,152.0,9.7211,143,166
baseline,E2,5,invoice_mismatch,0.0,0.0,0,0
baseline,E2,5,lost_documents,0.0,0.0,0,0
baseline,E2,5,lost_payments,0.4,0.5477,0,1
baseline,E2,5,overbooked_sections,0.0,0.0,0,0
baseline,E2,5,partial_batch,0.0,0.0,0,0
baseline,E2,5,phantom_payments,0.0,0.0,0,0
baseline,E2,5,seat_counter_drift,11.4,3.4351,8,17
baseline,E2,5,stuck_jobs,0.0,0.0,0,0
baseline,E2,5,unfinished_payments,0.0,0.0,0,0
baseline,E2,5,unscheduled_sections,0.0,0.0,0,0
baseline,E3,5,availability,0.8735,0.0025,0.87111,0.87639
baseline,E3,5,failed_requests,455.4,9.1542,445,464
baseline,E3,5,p95_ms,91.08,0.0837,91.0,91.2
baseline,E3,5,client_impact_s,0.392,0.4329,0.03,1.1
baseline,E3,5,detection_s,,,,
baseline,E3,5,recovery_s,40.0,0.0,40.0,40.0
baseline,E3,5,recovered_share,1.0,0.0,True,True
baseline,E3,5,downtime_s,39.8,0.4472,39.0,40.0
baseline,E3,5,fault_window_failed,455.4,9.1542,445,464
baseline,E3,5,MTTR_s,39.8,0.4472,39.0,40.0
baseline,E3,5,payments_recovered_by_retry,0.0,0.0,0,0
baseline,E3,5,recovered_by_system,0.0,0.0,0,0
baseline,E3,5,automatic_restarts,0.0,0.0,0,0
baseline,E3,5,bad_copies,0.0,0.0,0,0
baseline,E3,5,confirmed_without_tuition,0.0,0.0,0,0
baseline,E3,5,duplicate_charges,0.0,0.0,0,0
baseline,E3,5,invoice_mismatch,0.0,0.0,0,0
baseline,E3,5,lost_documents,0.0,0.0,0,0
baseline,E3,5,lost_payments,0.0,0.0,0,0
baseline,E3,5,overbooked_sections,0.0,0.0,0,0
baseline,E3,5,partial_batch,0.0,0.0,0,0
baseline,E3,5,phantom_payments,0.0,0.0,0,0
baseline,E3,5,seat_counter_drift,10.4,2.9665,7,15
baseline,E3,5,stuck_jobs,0.0,0.0,0,0
baseline,E3,5,unfinished_payments,0.0,0.0,0,0
baseline,E3,5,unscheduled_sections,0.0,0.0,0,0
baseline,E4,5,availability,0.6072,0.0055,0.5999,0.61536
baseline,E4,5,failed_requests,1508.4,29.382,1467,1550
baseline,E4,5,p95_ms,90.18,0.1643,90.0,90.4
baseline,E4,5,client_impact_s,0.086,0.0378,0.03,0.13
baseline,E4,5,detection_s,,,,
baseline,E4,5,recovery_s,43.0,0.0,43.0,43.0
baseline,E4,5,recovered_share,1.0,0.0,True,True
baseline,E4,5,downtime_s,43.0,0.0,43.0,43.0
baseline,E4,5,fault_window_failed,1508.2,29.0293,1467,1549
baseline,E4,5,MTTR_s,43.0,0.0,43.0,43.0
baseline,E4,5,payments_recovered_by_retry,13.0,9.6177,6,29
baseline,E4,5,recovered_by_system,0.0,0.0,0,0
baseline,E4,5,automatic_restarts,0.0,0.0,0,0
baseline,E4,5,bad_copies,0.0,0.0,0,0
baseline,E4,5,confirmed_without_tuition,0.0,0.0,0,0
baseline,E4,5,duplicate_charges,0.0,0.0,0,0
baseline,E4,5,invoice_mismatch,0.0,0.0,0,0
baseline,E4,5,lost_documents,0.0,0.0,0,0
baseline,E4,5,lost_payments,0.0,0.0,0,0
baseline,E4,5,overbooked_sections,0.0,0.0,0,0
baseline,E4,5,partial_batch,0.0,0.0,0,0
baseline,E4,5,phantom_payments,0.0,0.0,0,0
baseline,E4,5,seat_counter_drift,0.0,0.0,0,0
baseline,E4,5,stuck_jobs,0.0,0.0,0,0
baseline,E4,5,unfinished_payments,0.0,0.0,0,0
baseline,E4,5,unscheduled_sections,0.0,0.0,0,0
baseline,E5a,5,availability,0.8426,0.0056,0.8341,0.84772
baseline,E5a,5,failed_requests,440.4,16.772,427,466
baseline,E5a,5,p95_ms,1177.4,484.9329,873.2,2039.5
baseline,E5a,5,client_impact_s,0.24,0.3176,0.03,0.8
baseline,E5a,5,detection_s,,,,
baseline,E5a,5,recovery_s,21.0,0.0,21.0,21.0
baseline,E5a,5,recovered_share,1.0,0.0,True,True
baseline,E5a,5,downtime_s,21.0,0.0,21.0,21.0
baseline,E5a,5,fault_window_failed,440.2,16.3921,427,465
baseline,E5a,5,MTTR_s,21.0,0.0,21.0,21.0
baseline,E5a,5,payments_recovered_by_retry,34.6,3.2094,29,37
baseline,E5a,5,recovered_by_system,0.0,0.0,0,0
baseline,E5a,5,automatic_restarts,0.0,0.0,0,0
baseline,E5a,5,bad_copies,0.0,0.0,0,0
baseline,E5a,5,confirmed_without_tuition,0.0,0.0,0,0
baseline,E5a,5,duplicate_charges,0.0,0.0,0,0
baseline,E5a,5,invoice_mismatch,0.0,0.0,0,0
baseline,E5a,5,lost_documents,0.0,0.0,0,0
baseline,E5a,5,lost_payments,1.2,0.4472,1,2
baseline,E5a,5,overbooked_sections,0.0,0.0,0,0
baseline,E5a,5,partial_batch,0.0,0.0,0,0
baseline,E5a,5,phantom_payments,0.0,0.0,0,0
baseline,E5a,5,seat_counter_drift,0.0,0.0,0,0
baseline,E5a,5,stuck_jobs,0.0,0.0,0,0
baseline,E5a,5,unfinished_payments,0.0,0.0,0,0
baseline,E5a,5,unscheduled_sections,0.0,0.0,0,0
baseline,E5b,5,availability,0.9454,0.0046,0.93963,0.95037
baseline,E5b,5,failed_requests,147.4,12.3814,134,163
baseline,E5b,5,p95_ms,90.68,0.1924,90.5,91.0
baseline,E5b,5,client_impact_s,1.222,0.0867,1.17,1.37
baseline,E5b,5,detection_s,,,,
baseline,E5b,5,recovery_s,21.0,0.0,21.0,21.0
baseline,E5b,5,recovered_share,1.0,0.0,True,True
baseline,E5b,5,downtime_s,20.0,0.0,20.0,20.0
baseline,E5b,5,fault_window_failed,147.4,12.3814,134,163
baseline,E5b,5,MTTR_s,20.0,0.0,20.0,20.0
baseline,E5b,5,payments_recovered_by_retry,0.0,0.0,0,0
baseline,E5b,5,recovered_by_system,0.0,0.0,0,0
baseline,E5b,5,automatic_restarts,0.0,0.0,0,0
baseline,E5b,5,bad_copies,0.0,0.0,0,0
baseline,E5b,5,confirmed_without_tuition,0.0,0.0,0,0
baseline,E5b,5,duplicate_charges,0.0,0.0,0,0
baseline,E5b,5,invoice_mismatch,0.0,0.0,0,0
baseline,E5b,5,lost_documents,0.0,0.0,0,0
baseline,E5b,5,lost_payments,0.0,0.0,0,0
baseline,E5b,5,overbooked_sections,0.0,0.0,0,0
baseline,E5b,5,partial_batch,1.0,0.0,1,1
baseline,E5b,5,phantom_payments,0.0,0.0,0,0
baseline,E5b,5,seat_counter_drift,0.0,0.0,0,0
baseline,E5b,5,stuck_jobs,0.0,0.0,0,0
baseline,E5b,5,unfinished_payments,0.0,0.0,0,0
baseline,E5b,5,unscheduled_sections,0.0,0.0,0,0
baseline,E5c,5,availability,0.9332,0.0066,0.92444,0.94222
baseline,E5c,5,failed_requests,180.4,17.7848,156,204
baseline,E5c,5,p95_ms,92.04,0.7127,91.6,93.3
baseline,E5c,5,client_impact_s,7.206,0.0899,7.13,7.33
baseline,E5c,5,detection_s,,,,
baseline,E5c,5,recovery_s,21.0,0.0,21.0,21.0
baseline,E5c,5,recovered_share,1.0,0.0,True,True
baseline,E5c,5,downtime_s,14.0,0.0,14.0,14.0
baseline,E5c,5,fault_window_failed,180.4,17.7848,156,204
baseline,E5c,5,MTTR_s,14.0,0.0,14.0,14.0
baseline,E5c,5,payments_recovered_by_retry,0.0,0.0,0,0
baseline,E5c,5,recovered_by_system,0.0,0.0,0,0
baseline,E5c,5,automatic_restarts,0.0,0.0,0,0
baseline,E5c,5,bad_copies,0.0,0.0,0,0
baseline,E5c,5,confirmed_without_tuition,0.0,0.0,0,0
baseline,E5c,5,duplicate_charges,0.0,0.0,0,0
baseline,E5c,5,invoice_mismatch,0.0,0.0,0,0
baseline,E5c,5,lost_documents,0.0,0.0,0,0
baseline,E5c,5,lost_payments,0.0,0.0,0,0
baseline,E5c,5,overbooked_sections,0.0,0.0,0,0
baseline,E5c,5,partial_batch,0.0,0.0,0,0
baseline,E5c,5,phantom_payments,0.0,0.0,0,0
baseline,E5c,5,seat_counter_drift,0.0,0.0,0,0
baseline,E5c,5,stuck_jobs,1.0,0.0,1,1
baseline,E5c,5,unfinished_payments,0.0,0.0,0,0
baseline,E5c,5,unscheduled_sections,0.0,0.0,0,0
baseline,E6,5,availability,0.3772,0.1,0.19981,0.439
baseline,E6,5,failed_requests,13079.4,2099.4732,11781,16804
baseline,E6,5,p95_ms,4256.02,176.3823,4062.3,4492.4
baseline,E6,5,client_impact_s,0.342,0.2389,0.11,0.62
baseline,E6,5,detection_s,,,,
baseline,E6,5,recovery_s,81.0,6.7454,77.0,93.0
baseline,E6,5,recovered_share,1.0,0.0,True,True
baseline,E6,5,downtime_s,80.4,7.1274,76.0,93.0
baseline,E6,5,fault_window_failed,13079.4,2099.4732,11781,16804
baseline,E6,5,MTTR_s,80.4,7.1274,76.0,93.0
baseline,E6,5,payments_recovered_by_retry,0.0,0.0,0,0
baseline,E6,5,recovered_by_system,0.0,0.0,0,0
baseline,E6,5,automatic_restarts,0.0,0.0,0,0
baseline,E6,5,bad_copies,0.0,0.0,0,0
baseline,E6,5,confirmed_without_tuition,0.0,0.0,0,0
baseline,E6,5,duplicate_charges,0.0,0.0,0,0
baseline,E6,5,invoice_mismatch,0.0,0.0,0,0
baseline,E6,5,lost_documents,0.0,0.0,0,0
baseline,E6,5,lost_payments,0.0,0.0,0,0
baseline,E6,5,overbooked_sections,81.8,3.0332,78,86
baseline,E6,5,partial_batch,0.0,0.0,0,0
baseline,E6,5,phantom_payments,0.0,0.0,0,0
baseline,E6,5,seat_counter_drift,100.0,3.5355,96,105
baseline,E6,5,stuck_jobs,0.0,0.0,0,0
baseline,E6,5,unfinished_payments,0.0,0.0,0,0
baseline,E6,5,unscheduled_sections,0.0,0.0,0,0
baseline,E7,3,availability,0.7747,0.133,0.63977,0.90561
baseline,E7,3,failed_requests,8395.6667,5066.7272,3460,13584
baseline,E7,3,p95_ms,167.6667,133.3126,89.9,321.6
baseline,E7,3,client_impact_s,0.2833,0.0808,0.19,0.33
baseline,E7,3,detection_s,177.2933,127.0204,31.37,263.06
baseline,E7,3,recovery_s,1032.3333,52.5198,979.0,1084.0
baseline,E7,3,recovered_share,1.0,0.0,True,True
baseline,E7,3,downtime_s,422.3333,163.6378,241.0,559.0
baseline,E7,3,fault_window_failed,8395.6667,5066.7272,3460,13584
baseline,E7,3,MTTR_s,38.1,4.194,34.3,42.6
baseline,E7,3,payments_recovered_by_retry,133.3333,99.0269,33,231
baseline,E7,3,recovered_by_system,0.0,0.0,0,0
baseline,E7,3,automatic_restarts,0.0,0.0,0,0
baseline,E7,3,bad_copies,0.0,0.0,0,0
baseline,E7,3,confirmed_without_tuition,0.0,0.0,0,0
baseline,E7,3,duplicate_charges,299.6667,212.4296,137,540
baseline,E7,3,invoice_mismatch,0.0,0.0,0,0
baseline,E7,3,lost_documents,0.0,0.0,0,0
baseline,E7,3,lost_payments,29.6667,51.3842,0,89
baseline,E7,3,overbooked_sections,6.6667,4.0415,3,11
baseline,E7,3,partial_batch,0.0,0.0,0,0
baseline,E7,3,phantom_payments,0.0,0.0,0,0
baseline,E7,3,seat_counter_drift,24.6667,16.1967,6,35
baseline,E7,3,stuck_jobs,0.0,0.0,0,0
baseline,E7,3,unfinished_payments,0.0,0.0,0,0
baseline,E7,3,unscheduled_sections,0.0,0.0,0,0
baseline,E9,5,availability,0.9885,0.0015,0.986,0.99
baseline,E9,5,failed_requests,34.4,4.5607,30,42
baseline,E9,5,p95_ms,90.06,0.2702,89.8,90.5
baseline,E9,5,client_impact_s,21.974,3.2446,19.57,27.43
baseline,E9,5,detection_s,,,,
baseline,E9,5,recovery_s,88.0,8.4261,77.0,97.0
baseline,E9,5,recovered_share,1.0,0.0,True,True
baseline,E9,5,downtime_s,5.4,1.5166,3.0,7.0
baseline,E9,5,fault_window_failed,34.4,4.5607,30,42
baseline,E9,5,MTTR_s,1.04,0.0894,1.0,1.2
baseline,E9,5,payments_recovered_by_retry,0.0,0.0,0,0
baseline,E9,5,recovered_by_system,0.0,0.0,0,0
baseline,E9,5,automatic_restarts,0.0,0.0,0,0
baseline,E9,5,bad_copies,149.0,6.245,144,158
baseline,E9,5,confirmed_without_tuition,0.0,0.0,0,0
baseline,E9,5,duplicate_charges,0.0,0.0,0,0
baseline,E9,5,invoice_mismatch,0.0,0.0,0,0
baseline,E9,5,lost_documents,149.0,6.245,144,158
baseline,E9,5,lost_payments,0.0,0.0,0,0
baseline,E9,5,overbooked_sections,0.0,0.0,0,0
baseline,E9,5,partial_batch,0.0,0.0,0,0
baseline,E9,5,phantom_payments,0.0,0.0,0,0
baseline,E9,5,seat_counter_drift,0.0,0.0,0,0
baseline,E9,5,stuck_jobs,0.0,0.0,0,0
baseline,E9,5,unfinished_payments,0.0,0.0,0,0
baseline,E9,5,unscheduled_sections,0.0,0.0,0,0
ft,CAL,1,availability,1.0,0.0,1.0,1.0
ft,CAL,1,failed_requests,0.0,0.0,0,0
ft,CAL,1,p95_ms,97.6,0.0,97.6,97.6
ft,CAL,1,client_impact_s,,,,
ft,CAL,1,detection_s,,,,
ft,CAL,1,recovery_s,,,,
ft,CAL,1,recovered_share,,,,
ft,CAL,1,downtime_s,,,,
ft,CAL,1,fault_window_failed,,,,
ft,CAL,1,MTTR_s,,,,
ft,CAL,1,payments_recovered_by_retry,0.0,0.0,0,0
ft,CAL,1,recovered_by_system,0.0,0.0,0,0
ft,CAL,1,automatic_restarts,0.0,0.0,0,0
ft,CAL,1,bad_copies,0.0,0.0,0,0
ft,CAL,1,confirmed_without_tuition,0.0,0.0,0,0
ft,CAL,1,duplicate_charges,0.0,0.0,0,0
ft,CAL,1,invoice_mismatch,0.0,0.0,0,0
ft,CAL,1,lost_documents,0.0,0.0,0,0
ft,CAL,1,lost_payments,0.0,0.0,0,0
ft,CAL,1,overbooked_sections,0.0,0.0,0,0
ft,CAL,1,partial_batch,0.0,0.0,0,0
ft,CAL,1,phantom_payments,0.0,0.0,0,0
ft,CAL,1,seat_counter_drift,0.0,0.0,0,0
ft,CAL,1,stuck_jobs,0.0,0.0,0,0
ft,CAL,1,unfinished_payments,0.0,0.0,0,0
ft,CAL,1,unscheduled_sections,0.0,0.0,0,0
ft,CAL_RUSH,1,availability,0.9771,0.0,0.97712,0.97712
ft,CAL_RUSH,1,failed_requests,572.0,0.0,572,572
ft,CAL_RUSH,1,p95_ms,390.9,0.0,390.9,390.9
ft,CAL_RUSH,1,client_impact_s,,,,
ft,CAL_RUSH,1,detection_s,,,,
ft,CAL_RUSH,1,recovery_s,,,,
ft,CAL_RUSH,1,recovered_share,,,,
ft,CAL_RUSH,1,downtime_s,,,,
ft,CAL_RUSH,1,fault_window_failed,,,,
ft,CAL_RUSH,1,MTTR_s,15.0,0.0,15.0,15.0
ft,CAL_RUSH,1,payments_recovered_by_retry,0.0,0.0,0,0
ft,CAL_RUSH,1,recovered_by_system,0.0,0.0,0,0
ft,CAL_RUSH,1,automatic_restarts,0.0,0.0,0,0
ft,CAL_RUSH,1,bad_copies,0.0,0.0,0,0
ft,CAL_RUSH,1,confirmed_without_tuition,0.0,0.0,0,0
ft,CAL_RUSH,1,duplicate_charges,0.0,0.0,0,0
ft,CAL_RUSH,1,invoice_mismatch,0.0,0.0,0,0
ft,CAL_RUSH,1,lost_documents,0.0,0.0,0,0
ft,CAL_RUSH,1,lost_payments,0.0,0.0,0,0
ft,CAL_RUSH,1,overbooked_sections,0.0,0.0,0,0
ft,CAL_RUSH,1,partial_batch,0.0,0.0,0,0
ft,CAL_RUSH,1,phantom_payments,0.0,0.0,0,0
ft,CAL_RUSH,1,seat_counter_drift,0.0,0.0,0,0
ft,CAL_RUSH,1,stuck_jobs,0.0,0.0,0,0
ft,CAL_RUSH,1,unfinished_payments,0.0,0.0,0,0
ft,CAL_RUSH,1,unscheduled_sections,0.0,0.0,0,0
ft,E1,5,availability,0.9999,0.0002,0.99972,1.0
ft,E1,5,failed_requests,0.4,0.5477,0,1
ft,E1,5,p95_ms,97.5,0.8972,97.0,99.1
ft,E1,5,client_impact_s,0.03,0.0,0.03,0.03
ft,E1,5,detection_s,0.94,0.0,0.94,0.94
ft,E1,5,recovery_s,0.0,0.0,0.0,0.0
ft,E1,5,recovered_share,1.0,0.0,True,True
ft,E1,5,downtime_s,0.0,0.0,0,0
ft,E1,5,fault_window_failed,0.2,0.4472,0,1
ft,E1,5,MTTR_s,,,,
ft,E1,5,payments_recovered_by_retry,0.4,0.5477,0,1
ft,E1,5,recovered_by_system,1.4,1.1402,0,3
ft,E1,5,automatic_restarts,1.0,0.0,1,1
ft,E1,5,bad_copies,0.0,0.0,0,0
ft,E1,5,confirmed_without_tuition,0.0,0.0,0,0
ft,E1,5,duplicate_charges,0.0,0.0,0,0
ft,E1,5,invoice_mismatch,0.0,0.0,0,0
ft,E1,5,lost_documents,0.0,0.0,0,0
ft,E1,5,lost_payments,0.0,0.0,0,0
ft,E1,5,overbooked_sections,0.0,0.0,0,0
ft,E1,5,partial_batch,0.0,0.0,0,0
ft,E1,5,phantom_payments,0.0,0.0,0,0
ft,E1,5,seat_counter_drift,0.0,0.0,0,0
ft,E1,5,stuck_jobs,0.0,0.0,0,0
ft,E1,5,unfinished_payments,0.0,0.0,0,0
ft,E1,5,unscheduled_sections,0.0,0.0,0,0
ft,E1b,5,availability,0.9959,0.0005,0.99528,0.99639
ft,E1b,5,failed_requests,14.6,1.8166,13,17
ft,E1b,5,p95_ms,98.36,1.9794,97.4,101.9
ft,E1b,5,client_impact_s,0.128,0.0944,0.03,0.27
ft,E1b,5,detection_s,3.188,0.2322,2.91,3.37
ft,E1b,5,recovery_s,3.4,0.5477,3.0,4.0
ft,E1b,5,recovered_share,1.0,0.0,True,True
ft,E1b,5,downtime_s,3.4,0.5477,3.0,4.0
ft,E1b,5,fault_window_failed,14.6,1.8166,13,17
ft,E1b,5,MTTR_s,3.4,0.5477,3.0,4.0
ft,E1b,5,payments_recovered_by_retry,5.0,1.2247,3,6
ft,E1b,5,recovered_by_system,8.6,3.7815,5,14
ft,E1b,5,automatic_restarts,1.0,0.0,1,1
ft,E1b,5,bad_copies,0.0,0.0,0,0
ft,E1b,5,confirmed_without_tuition,0.0,0.0,0,0
ft,E1b,5,duplicate_charges,0.0,0.0,0,0
ft,E1b,5,invoice_mismatch,0.0,0.0,0,0
ft,E1b,5,lost_documents,0.0,0.0,0,0
ft,E1b,5,lost_payments,0.0,0.0,0,0
ft,E1b,5,overbooked_sections,0.0,0.0,0,0
ft,E1b,5,partial_batch,0.0,0.0,0,0
ft,E1b,5,phantom_payments,0.0,0.0,0,0
ft,E1b,5,seat_counter_drift,0.0,0.0,0,0
ft,E1b,5,stuck_jobs,0.0,0.0,0,0
ft,E1b,5,unfinished_payments,0.0,0.0,0,0
ft,E1b,5,unscheduled_sections,0.0,0.0,0,0
ft,E2,5,availability,0.7937,0.008,0.78444,0.80375
ft,E2,5,failed_requests,772.2,32.1201,732,809
ft,E2,5,p95_ms,98.02,1.9032,96.8,101.4
ft,E2,5,client_impact_s,0.16,0.03,0.13,0.2
ft,E2,5,detection_s,0.664,0.0251,0.64,0.7
ft,E2,5,recovery_s,25.4,0.5477,25.0,26.0
ft,E2,5,recovered_share,1.0,0.0,True,True
ft,E2,5,downtime_s,25.4,0.5477,25.0,26.0
ft,E2,5,fault_window_failed,772.2,32.1201,732,809
ft,E2,5,MTTR_s,25.4,0.5477,25.0,26.0
ft,E2,5,payments_recovered_by_retry,5.8,3.1937,2,10
ft,E2,5,recovered_by_system,0.0,0.0,0,0
ft,E2,5,automatic_restarts,0.0,0.0,0,0
ft,E2,5,bad_copies,0.0,0.0,0,0
ft,E2,5,confirmed_without_tuition,0.0,0.0,0,0
ft,E2,5,duplicate_charges,0.0,0.0,0,0
ft,E2,5,invoice_mismatch,0.0,0.0,0,0
ft,E2,5,lost_documents,0.0,0.0,0,0
ft,E2,5,lost_payments,0.0,0.0,0,0
ft,E2,5,overbooked_sections,0.0,0.0,0,0
ft,E2,5,partial_batch,0.0,0.0,0,0
ft,E2,5,phantom_payments,0.0,0.0,0,0
ft,E2,5,seat_counter_drift,0.0,0.0,0,0
ft,E2,5,stuck_jobs,0.0,0.0,0,0
ft,E2,5,unfinished_payments,0.0,0.0,0,0
ft,E2,5,unscheduled_sections,0.0,0.0,0,0
ft,E3,5,availability,0.998,0.0001,0.99778,0.99806
ft,E3,5,failed_requests,7.2,0.4472,7,8
ft,E3,5,p95_ms,98.26,1.0139,97.5,100.0
ft,E3,5,client_impact_s,0.392,0.4329,0.03,1.1
ft,E3,5,detection_s,2.352,0.5228,1.54,2.94
ft,E3,5,recovery_s,1.4,0.5477,1.0,2.0
ft,E3,5,recovered_share,1.0,0.0,True,True
ft,E3,5,downtime_s,1.2,0.4472,1.0,2.0
ft,E3,5,fault_window_failed,7.2,0.4472,7,8
ft,E3,5,MTTR_s,1.2,0.4472,1.0,2.0
ft,E3,5,payments_recovered_by_retry,0.0,0.0,0,0
ft,E3,5,recovered_by_system,258.8,17.5983,241,278
ft,E3,5,automatic_restarts,0.0,0.0,0,0
ft,E3,5,bad_copies,0.0,0.0,0,0
ft,E3,5,confirmed_without_tuition,0.0,0.0,0,0
ft,E3,5,duplicate_charges,0.0,0.0,0,0
ft,E3,5,invoice_mismatch,0.0,0.0,0,0
ft,E3,5,lost_documents,0.0,0.0,0,0
ft,E3,5,lost_payments,0.0,0.0,0,0
ft,E3,5,overbooked_sections,0.0,0.0,0,0
ft,E3,5,partial_batch,0.0,0.0,0,0
ft,E3,5,phantom_payments,0.0,0.0,0,0
ft,E3,5,seat_counter_drift,0.0,0.0,0,0
ft,E3,5,stuck_jobs,0.0,0.0,0,0
ft,E3,5,unfinished_payments,0.0,0.0,0,0
ft,E3,5,unscheduled_sections,0.0,0.0,0,0
ft,E4,5,availability,0.7706,0.0312,0.72046,0.79603
ft,E4,5,failed_requests,863.2,126.0603,761,1067
ft,E4,5,p95_ms,96.84,0.1817,96.6,97.0
ft,E4,5,client_impact_s,0.254,0.0508,0.2,0.3
ft,E4,5,detection_s,1.454,0.0467,1.39,1.5
ft,E4,5,recovery_s,28.8,3.2711,26.0,34.0
ft,E4,5,recovered_share,1.0,0.0,True,True
ft,E4,5,downtime_s,28.8,3.2711,26.0,34.0
ft,E4,5,fault_window_failed,863.2,126.0603,761,1067
ft,E4,5,MTTR_s,28.8,3.2711,26.0,34.0
ft,E4,5,payments_recovered_by_retry,5.8,2.49,4,9
ft,E4,5,recovered_by_system,8.2,17.782,0,40
ft,E4,5,automatic_restarts,0.0,0.0,0,0
ft,E4,5,bad_copies,0.0,0.0,0,0
ft,E4,5,confirmed_without_tuition,0.0,0.0,0,0
ft,E4,5,duplicate_charges,0.0,0.0,0,0
ft,E4,5,invoice_mismatch,0.0,0.0,0,0
ft,E4,5,lost_documents,0.0,0.0,0,0
ft,E4,5,lost_payments,0.0,0.0,0,0
ft,E4,5,overbooked_sections,0.0,0.0,0,0
ft,E4,5,partial_batch,0.0,0.0,0,0
ft,E4,5,phantom_payments,0.0,0.0,0,0
ft,E4,5,seat_counter_drift,0.0,0.0,0,0
ft,E4,5,stuck_jobs,0.0,0.0,0,0
ft,E4,5,unfinished_payments,0.0,0.0,0,0
ft,E4,5,unscheduled_sections,0.0,0.0,0,0
ft,E5a,5,availability,0.9993,0.0005,0.99889,1.0
ft,E5a,5,failed_requests,1.8,1.3038,0,3
ft,E5a,5,p95_ms,97.4,0.255,97.2,97.8
ft,E5a,5,client_impact_s,1.19,0.7986,0.5,2.33
ft,E5a,5,detection_s,2.1133,1.0,1.11,3.11
ft,E5a,5,recovery_s,1.2,1.3038,0.0,3.0
ft,E5a,5,recovered_share,1.0,0.0,True,True
ft,E5a,5,downtime_s,0.6,0.5477,0,1.0
ft,E5a,5,fault_window_failed,1.8,1.3038,0,3
ft,E5a,5,MTTR_s,1.0,0.0,1.0,1.0
ft,E5a,5,payments_recovered_by_retry,1.2,0.8367,0,2
ft,E5a,5,recovered_by_system,1.6,0.8944,1,3
ft,E5a,5,automatic_restarts,1.0,0.0,1,1
ft,E5a,5,bad_copies,0.0,0.0,0,0
ft,E5a,5,confirmed_without_tuition,0.0,0.0,0,0
ft,E5a,5,duplicate_charges,0.0,0.0,0,0
ft,E5a,5,invoice_mismatch,0.0,0.0,0,0
ft,E5a,5,lost_documents,0.0,0.0,0,0
ft,E5a,5,lost_payments,0.0,0.0,0,0
ft,E5a,5,overbooked_sections,0.0,0.0,0,0
ft,E5a,5,partial_batch,0.0,0.0,0,0
ft,E5a,5,phantom_payments,0.0,0.0,0,0
ft,E5a,5,seat_counter_drift,0.0,0.0,0,0
ft,E5a,5,stuck_jobs,0.0,0.0,0,0
ft,E5a,5,unfinished_payments,0.0,0.0,0,0
ft,E5a,5,unscheduled_sections,0.0,0.0,0,0
ft,E5b,5,availability,0.9998,0.0003,0.99926,1.0
ft,E5b,5,failed_requests,0.6,0.8944,0,2
ft,E5b,5,p95_ms,97.24,0.1817,97.0,97.4
ft,E5b,5,client_impact_s,1.65,0.6788,1.17,2.13
ft,E5b,5,detection_s,2.14,0.297,1.93,2.35
ft,E5b,5,recovery_s,0.6,1.3416,0.0,3.0
ft,E5b,5,recovered_share,1.0,0.0,True,True
ft,E5b,5,downtime_s,0.2,0.4472,0,1.0
ft,E5b,5,fault_window_failed,0.6,0.8944,0,2
ft,E5b,5,MTTR_s,1.0,0.0,1.0,1.0
ft,E5b,5,payments_recovered_by_retry,0.0,0.0,0,0
ft,E5b,5,recovered_by_system,0.2,0.4472,0,1
ft,E5b,5,automatic_restarts,1.2,0.4472,1,2
ft,E5b,5,bad_copies,0.0,0.0,0,0
ft,E5b,5,confirmed_without_tuition,0.0,0.0,0,0
ft,E5b,5,duplicate_charges,0.0,0.0,0,0
ft,E5b,5,invoice_mismatch,0.0,0.0,0,0
ft,E5b,5,lost_documents,0.0,0.0,0,0
ft,E5b,5,lost_payments,0.0,0.0,0,0
ft,E5b,5,overbooked_sections,0.0,0.0,0,0
ft,E5b,5,partial_batch,0.0,0.0,0,0
ft,E5b,5,phantom_payments,0.0,0.0,0,0
ft,E5b,5,seat_counter_drift,0.0,0.0,0,0
ft,E5b,5,stuck_jobs,0.0,0.0,0,0
ft,E5b,5,unfinished_payments,0.0,0.0,0,0
ft,E5b,5,unscheduled_sections,0.0,0.0,0,0
ft,E5c,5,availability,1.0,0.0,1.0,1.0
ft,E5c,5,failed_requests,0.0,0.0,0,0
ft,E5c,5,p95_ms,97.24,0.2881,97.0,97.7
ft,E5c,5,client_impact_s,,,,
ft,E5c,5,detection_s,,,,
ft,E5c,5,recovery_s,0.0,0.0,0.0,0.0
ft,E5c,5,recovered_share,1.0,0.0,True,True
ft,E5c,5,downtime_s,0.0,0.0,0,0
ft,E5c,5,fault_window_failed,0.0,0.0,0,0
ft,E5c,5,MTTR_s,,,,
ft,E5c,5,payments_recovered_by_retry,0.0,0.0,0,0
ft,E5c,5,recovered_by_system,2.0,1.7321,1,5
ft,E5c,5,automatic_restarts,1.2,0.4472,1,2
ft,E5c,5,bad_copies,0.0,0.0,0,0
ft,E5c,5,confirmed_without_tuition,0.0,0.0,0,0
ft,E5c,5,duplicate_charges,0.0,0.0,0,0
ft,E5c,5,invoice_mismatch,0.0,0.0,0,0
ft,E5c,5,lost_documents,0.0,0.0,0,0
ft,E5c,5,lost_payments,0.0,0.0,0,0
ft,E5c,5,overbooked_sections,0.0,0.0,0,0
ft,E5c,5,partial_batch,0.0,0.0,0,0
ft,E5c,5,phantom_payments,0.0,0.0,0,0
ft,E5c,5,seat_counter_drift,0.0,0.0,0,0
ft,E5c,5,stuck_jobs,0.0,0.0,0,0
ft,E5c,5,unfinished_payments,0.0,0.0,0,0
ft,E5c,5,unscheduled_sections,0.0,0.0,0,0
ft,E6,5,availability,0.9993,0.0008,0.998,0.99995
ft,E6,5,failed_requests,15.4,16.4256,1,42
ft,E6,5,p95_ms,204.3,40.5959,169.5,262.8
ft,E6,5,client_impact_s,5.364,5.756,0.77,12.83
ft,E6,5,detection_s,5.398,5.738,0.81,12.85
ft,E6,5,recovery_s,0.0,0.0,0.0,0.0
ft,E6,5,recovered_share,1.0,0.0,True,True
ft,E6,5,downtime_s,0.0,0.0,0,0
ft,E6,5,fault_window_failed,15.4,16.4256,1,42
ft,E6,5,MTTR_s,,,,
ft,E6,5,payments_recovered_by_retry,0.0,0.0,0,0
ft,E6,5,recovered_by_system,0.0,0.0,0,0
ft,E6,5,automatic_restarts,0.0,0.0,0,0
ft,E6,5,bad_copies,0.0,0.0,0,0
ft,E6,5,confirmed_without_tuition,0.0,0.0,0,0
ft,E6,5,duplicate_charges,0.0,0.0,0,0
ft,E6,5,invoice_mismatch,0.0,0.0,0,0
ft,E6,5,lost_documents,0.0,0.0,0,0
ft,E6,5,lost_payments,0.0,0.0,0,0
ft,E6,5,overbooked_sections,0.0,0.0,0,0
ft,E6,5,partial_batch,0.0,0.0,0,0
ft,E6,5,phantom_payments,0.0,0.0,0,0
ft,E6,5,seat_counter_drift,0.0,0.0,0,0
ft,E6,5,stuck_jobs,0.0,0.0,0,0
ft,E6,5,unfinished_payments,0.0,0.0,0,0
ft,E6,5,unscheduled_sections,0.0,0.0,0,0
ft,E7,3,availability,0.9564,0.0454,0.90812,0.99828
ft,E7,3,failed_requests,1591.6667,1665.533,62,3366
ft,E7,3,p95_ms,97.0667,0.2887,96.9,97.4
ft,E7,3,client_impact_s,36.5267,62.6079,0.33,108.82
ft,E7,3,detection_s,2.38,1.1692,1.09,3.37
ft,E7,3,recovery_s,988.3333,86.3964,916.0,1084.0
ft,E7,3,recovered_share,1.0,0.0,True,True
ft,E7,3,downtime_s,68.3333,61.7603,15.0,136.0
ft,E7,3,fault_window_failed,1591.6667,1665.533,62,3366
ft,E7,3,MTTR_s,6.9333,3.7634,3.0,10.5
ft,E7,3,payments_recovered_by_retry,19.0,19.0788,1,39
ft,E7,3,recovered_by_system,151.3333,139.0551,20,297
ft,E7,3,automatic_restarts,6.0,2.0,4,8
ft,E7,3,bad_copies,0.0,0.0,0,0
ft,E7,3,confirmed_without_tuition,0.0,0.0,0,0
ft,E7,3,duplicate_charges,0.0,0.0,0,0
ft,E7,3,invoice_mismatch,0.0,0.0,0,0
ft,E7,3,lost_documents,0.0,0.0,0,0
ft,E7,3,lost_payments,0.0,0.0,0,0
ft,E7,3,overbooked_sections,0.0,0.0,0,0
ft,E7,3,partial_batch,0.0,0.0,0,0
ft,E7,3,phantom_payments,0.0,0.0,0,0
ft,E7,3,seat_counter_drift,0.0,0.0,0,0
ft,E7,3,stuck_jobs,0.0,0.0,0,0
ft,E7,3,unfinished_payments,0.0,0.0,0,0
ft,E7,3,unscheduled_sections,0.0,0.0,0,0
ft,E9,5,availability,1.0,0.0,1.0,1.0
ft,E9,5,failed_requests,0.0,0.0,0,0
ft,E9,5,p95_ms,97.38,0.2683,97.1,97.7
ft,E9,5,client_impact_s,,,,
ft,E9,5,detection_s,,,,
ft,E9,5,recovery_s,0.0,0.0,0.0,0.0
ft,E9,5,recovered_share,1.0,0.0,True,True
ft,E9,5,downtime_s,0.0,0.0,0,0
ft,E9,5,fault_window_failed,0.0,0.0,0,0
ft,E9,5,MTTR_s,,,,
ft,E9,5,payments_recovered_by_retry,0.0,0.0,0,0
ft,E9,5,recovered_by_system,1153.0,11.3358,1139,1168
ft,E9,5,automatic_restarts,0.0,0.0,0,0
ft,E9,5,bad_copies,0.0,0.0,0,0
ft,E9,5,confirmed_without_tuition,0.0,0.0,0,0
ft,E9,5,duplicate_charges,0.0,0.0,0,0
ft,E9,5,invoice_mismatch,0.0,0.0,0,0
ft,E9,5,lost_documents,0.0,0.0,0,0
ft,E9,5,lost_payments,0.0,0.0,0,0
ft,E9,5,overbooked_sections,0.0,0.0,0,0
ft,E9,5,partial_batch,0.0,0.0,0,0
ft,E9,5,phantom_payments,0.0,0.0,0,0
ft,E9,5,seat_counter_drift,0.0,0.0,0,0
ft,E9,5,stuck_jobs,0.0,0.0,0,0
ft,E9,5,unfinished_payments,0.0,0.0,0,0
ft,E9,5,unscheduled_sections,0.0,0.0,0,0
sw,E1,3,availability,0.8631,0.0034,0.86113,0.86705
sw,E1,3,failed_requests,523.6667,13.5769,508,532
sw,E1,3,p95_ms,93.4667,0.2309,93.2,93.6
sw,E1,3,client_impact_s,0.0667,0.0351,0.03,0.1
sw,E1,3,detection_s,1.9633,0.6926,1.41,2.74
sw,E1,3,recovery_s,41.0,0.0,41.0,41.0
sw,E1,3,recovered_share,1.0,0.0,True,True
sw,E1,3,downtime_s,41.0,0.0,41.0,41.0
sw,E1,3,fault_window_failed,523.3333,13.2791,508,531
sw,E1,3,MTTR_s,41.0,0.0,41.0,41.0
sw,E1,3,payments_recovered_by_retry,4.3333,2.0817,2,6
sw,E1,3,recovered_by_system,261.6667,16.0104,246,278
sw,E1,3,automatic_restarts,0.0,0.0,0,0
sw,E1,3,bad_copies,0.0,0.0,0,0
sw,E1,3,confirmed_without_tuition,0.0,0.0,0,0
sw,E1,3,duplicate_charges,0.0,0.0,0,0
sw,E1,3,invoice_mismatch,0.0,0.0,0,0
sw,E1,3,lost_documents,0.0,0.0,0,0
sw,E1,3,lost_payments,0.0,0.0,0,0
sw,E1,3,overbooked_sections,0.0,0.0,0,0
sw,E1,3,partial_batch,0.0,0.0,0,0
sw,E1,3,phantom_payments,0.0,0.0,0,0
sw,E1,3,seat_counter_drift,0.0,0.0,0,0
sw,E1,3,stuck_jobs,0.0,0.0,0,0
sw,E1,3,unfinished_payments,0.0,0.0,0,0
sw,E1,3,unscheduled_sections,0.0,0.0,0,0
sw,E1b,3,availability,0.8674,0.0027,0.86588,0.87051
sw,E1b,3,failed_requests,506.6667,10.9697,494,513
sw,E1b,3,p95_ms,94.9,0.2646,94.7,95.2
sw,E1b,3,client_impact_s,0.0667,0.0351,0.03,0.1
sw,E1b,3,detection_s,1.9633,0.6926,1.41,2.74
sw,E1b,3,recovery_s,43.0,0.0,43.0,43.0
sw,E1b,3,recovered_share,1.0,0.0,True,True
sw,E1b,3,downtime_s,43.0,0.0,43.0,43.0
sw,E1b,3,fault_window_failed,506.6667,10.9697,494,513
sw,E1b,3,MTTR_s,43.0,0.0,43.0,43.0
sw,E1b,3,payments_recovered_by_retry,32.3333,2.5166,30,35
sw,E1b,3,recovered_by_system,271.6667,19.218,251,289
sw,E1b,3,automatic_restarts,0.0,0.0,0,0
sw,E1b,3,bad_copies,0.0,0.0,0,0
sw,E1b,3,confirmed_without_tuition,0.0,0.0,0,0
sw,E1b,3,duplicate_charges,0.0,0.0,0,0
sw,E1b,3,invoice_mismatch,0.0,0.0,0,0
sw,E1b,3,lost_documents,0.0,0.0,0,0
sw,E1b,3,lost_payments,0.0,0.0,0,0
sw,E1b,3,overbooked_sections,0.0,0.0,0,0
sw,E1b,3,partial_batch,0.0,0.0,0,0
sw,E1b,3,phantom_payments,0.0,0.0,0,0
sw,E1b,3,seat_counter_drift,0.0,0.0,0,0
sw,E1b,3,stuck_jobs,0.0,0.0,0,0
sw,E1b,3,unfinished_payments,0.0,0.0,0,0
sw,E1b,3,unscheduled_sections,0.0,0.0,0,0
sw,E2,3,availability,0.6685,0.0115,0.65522,0.67556
sw,E2,3,failed_requests,1269.3333,48.2113,1241,1325
sw,E2,3,p95_ms,504.1667,0.0577,504.1,504.2
sw,E2,3,client_impact_s,0.0667,0.0351,0.03,0.1
sw,E2,3,detection_s,0.4533,0.3062,0.1,0.64
sw,E2,3,recovery_s,42.0,1.7321,41.0,44.0
sw,E2,3,recovered_share,1.0,0.0,True,True
sw,E2,3,downtime_s,42.0,1.7321,41.0,44.0
sw,E2,3,fault_window_failed,1269.3333,48.2113,1241,1325
sw,E2,3,MTTR_s,42.0,1.7321,41.0,44.0
sw,E2,3,payments_recovered_by_retry,9.3333,2.0817,7,11
sw,E2,3,recovered_by_system,0.6667,0.5774,0,1
sw,E2,3,automatic_restarts,0.0,0.0,0,0
sw,E2,3,bad_copies,0.0,0.0,0,0
sw,E2,3,confirmed_without_tuition,0.0,0.0,0,0
sw,E2,3,duplicate_charges,0.0,0.0,0,0
sw,E2,3,invoice_mismatch,0.0,0.0,0,0
sw,E2,3,lost_documents,0.0,0.0,0,0
sw,E2,3,lost_payments,0.0,0.0,0,0
sw,E2,3,overbooked_sections,0.0,0.0,0,0
sw,E2,3,partial_batch,0.0,0.0,0,0
sw,E2,3,phantom_payments,0.0,0.0,0,0
sw,E2,3,seat_counter_drift,0.0,0.0,0,0
sw,E2,3,stuck_jobs,0.0,0.0,0,0
sw,E2,3,unfinished_payments,0.0,0.0,0,0
sw,E2,3,unscheduled_sections,0.0,0.0,0,0
sw,E3,3,availability,0.999,0.0002,0.99889,0.99917
sw,E3,3,failed_requests,3.6667,0.5774,3,4
sw,E3,3,p95_ms,93.9,0.1,93.8,94.0
sw,E3,3,client_impact_s,0.42,0.591,0.03,1.1
sw,E3,3,detection_s,1.95,0.7087,1.37,2.74
sw,E3,3,recovery_s,1.3333,0.5774,1.0,2.0
sw,E3,3,recovered_share,1.0,0.0,True,True
sw,E3,3,downtime_s,1.0,0.0,1.0,1.0
sw,E3,3,fault_window_failed,3.6667,0.5774,3,4
sw,E3,3,MTTR_s,1.0,0.0,1.0,1.0
sw,E3,3,payments_recovered_by_retry,0.0,0.0,0,0
sw,E3,3,recovered_by_system,270.0,18.5203,251,288
sw,E3,3,automatic_restarts,0.0,0.0,0,0
sw,E3,3,bad_copies,0.0,0.0,0,0
sw,E3,3,confirmed_without_tuition,0.0,0.0,0,0
sw,E3,3,duplicate_charges,0.0,0.0,0,0
sw,E3,3,invoice_mismatch,0.0,0.0,0,0
sw,E3,3,lost_documents,0.0,0.0,0,0
sw,E3,3,lost_payments,0.0,0.0,0,0
sw,E3,3,overbooked_sections,0.0,0.0,0,0
sw,E3,3,partial_batch,0.0,0.0,0,0
sw,E3,3,phantom_payments,0.0,0.0,0,0
sw,E3,3,seat_counter_drift,0.0,0.0,0,0
sw,E3,3,stuck_jobs,0.0,0.0,0,0
sw,E3,3,unfinished_payments,0.0,0.0,0,0
sw,E3,3,unscheduled_sections,0.0,0.0,0,0
sw,E4,3,availability,0.6077,0.001,0.60653,0.60828
sw,E4,3,failed_requests,1505.0,2.0,1503,1507
sw,E4,3,p95_ms,93.8667,0.0577,93.8,93.9
sw,E4,3,client_impact_s,0.0667,0.0351,0.03,0.1
sw,E4,3,detection_s,,,,
sw,E4,3,recovery_s,43.0,0.0,43.0,43.0
sw,E4,3,recovered_share,1.0,0.0,True,True
sw,E4,3,downtime_s,43.0,0.0,43.0,43.0
sw,E4,3,fault_window_failed,1505.0,2.0,1503,1507
sw,E4,3,MTTR_s,43.0,0.0,43.0,43.0
sw,E4,3,payments_recovered_by_retry,12.0,7.5498,4,19
sw,E4,3,recovered_by_system,0.0,0.0,0,0
sw,E4,3,automatic_restarts,0.0,0.0,0,0
sw,E4,3,bad_copies,0.0,0.0,0,0
sw,E4,3,confirmed_without_tuition,0.0,0.0,0,0
sw,E4,3,duplicate_charges,0.0,0.0,0,0
sw,E4,3,invoice_mismatch,0.0,0.0,0,0
sw,E4,3,lost_documents,0.0,0.0,0,0
sw,E4,3,lost_payments,0.0,0.0,0,0
sw,E4,3,overbooked_sections,0.0,0.0,0,0
sw,E4,3,partial_batch,0.0,0.0,0,0
sw,E4,3,phantom_payments,0.0,0.0,0,0
sw,E4,3,seat_counter_drift,0.0,0.0,0,0
sw,E4,3,stuck_jobs,0.0,0.0,0,0
sw,E4,3,unfinished_payments,0.0,0.0,0,0
sw,E4,3,unscheduled_sections,0.0,0.0,0,0
sw,E5a,3,availability,0.9192,0.0032,0.91613,0.92253
sw,E5a,3,failed_requests,226.0,9.0,217,235
sw,E5a,3,p95_ms,94.8333,0.2887,94.5,95.0
sw,E5a,3,client_impact_s,0.3,0.4335,0.03,0.8
sw,E5a,3,detection_s,1.9167,0.7207,1.4,2.74
sw,E5a,3,recovery_s,21.0,0.0,21.0,21.0
sw,E5a,3,recovered_share,1.0,0.0,True,True
sw,E5a,3,downtime_s,21.0,0.0,21.0,21.0
sw,E5a,3,fault_window_failed,226.0,9.0,217,235
sw,E5a,3,MTTR_s,21.0,0.0,21.0,21.0
sw,E5a,3,payments_recovered_by_retry,34.0,3.6056,30,37
sw,E5a,3,recovered_by_system,144.3333,28.2902,113,168
sw,E5a,3,automatic_restarts,0.0,0.0,0,0
sw,E5a,3,bad_copies,0.0,0.0,0,0
sw,E5a,3,confirmed_without_tuition,0.0,0.0,0,0
sw,E5a,3,duplicate_charges,0.0,0.0,0,0
sw,E5a,3,invoice_mismatch,0.0,0.0,0,0
sw,E5a,3,lost_documents,0.0,0.0,0,0
sw,E5a,3,lost_payments,0.0,0.0,0,0
sw,E5a,3,overbooked_sections,0.0,0.0,0,0
sw,E5a,3,partial_batch,0.0,0.0,0,0
sw,E5a,3,phantom_payments,0.0,0.0,0,0
sw,E5a,3,seat_counter_drift,0.0,0.0,0,0
sw,E5a,3,stuck_jobs,0.0,0.0,0,0
sw,E5a,3,unfinished_payments,0.0,0.0,0,0
sw,E5a,3,unscheduled_sections,0.0,0.0,0,0
sw,E5b,3,availability,0.9447,0.0046,0.94,0.94926
sw,E5b,3,failed_requests,149.3333,12.5033,137,162
sw,E5b,3,p95_ms,94.6667,0.4041,94.3,95.1
sw,E5b,3,client_impact_s,1.2233,0.1501,1.07,1.37
sw,E5b,3,detection_s,,,,
sw,E5b,3,recovery_s,21.0,0.0,21.0,21.0
sw,E5b,3,recovered_share,1.0,0.0,True,True
sw,E5b,3,downtime_s,20.0,0.0,20.0,20.0
sw,E5b,3,fault_window_failed,149.3333,12.5033,137,162
sw,E5b,3,MTTR_s,20.0,0.0,20.0,20.0
sw,E5b,3,payments_recovered_by_retry,0.0,0.0,0,0
sw,E5b,3,recovered_by_system,0.0,0.0,0,0
sw,E5b,3,automatic_restarts,0.0,0.0,0,0
sw,E5b,3,bad_copies,0.0,0.0,0,0
sw,E5b,3,confirmed_without_tuition,0.0,0.0,0,0
sw,E5b,3,duplicate_charges,0.0,0.0,0,0
sw,E5b,3,invoice_mismatch,0.0,0.0,0,0
sw,E5b,3,lost_documents,0.0,0.0,0,0
sw,E5b,3,lost_payments,0.0,0.0,0,0
sw,E5b,3,overbooked_sections,0.0,0.0,0,0
sw,E5b,3,partial_batch,0.0,0.0,0,0
sw,E5b,3,phantom_payments,0.0,0.0,0,0
sw,E5b,3,seat_counter_drift,0.0,0.0,0,0
sw,E5b,3,stuck_jobs,0.0,0.0,0,0
sw,E5b,3,unfinished_payments,0.0,0.0,0,0
sw,E5b,3,unscheduled_sections,0.0,0.0,0,0
sw,E5c,3,availability,0.984,0.0041,0.97926,0.98667
sw,E5c,3,failed_requests,43.3333,11.0151,36,56
sw,E5c,3,p95_ms,94.2333,0.2082,94.0,94.4
sw,E5c,3,client_impact_s,7.2633,0.0577,7.23,7.33
sw,E5c,3,detection_s,8.9367,0.5977,8.44,9.6
sw,E5c,3,recovery_s,20.3333,1.1547,19.0,21.0
sw,E5c,3,recovered_share,1.0,0.0,True,True
sw,E5c,3,downtime_s,13.3333,1.1547,12.0,14.0
sw,E5c,3,fault_window_failed,43.3333,11.0151,36,56
sw,E5c,3,MTTR_s,13.3333,1.1547,12.0,14.0
sw,E5c,3,payments_recovered_by_retry,0.0,0.0,0,0
sw,E5c,3,recovered_by_system,1.0,0.0,1,1
sw,E5c,3,automatic_restarts,0.0,0.0,0,0
sw,E5c,3,bad_copies,0.0,0.0,0,0
sw,E5c,3,confirmed_without_tuition,0.0,0.0,0,0
sw,E5c,3,duplicate_charges,0.0,0.0,0,0
sw,E5c,3,invoice_mismatch,0.0,0.0,0,0
sw,E5c,3,lost_documents,0.0,0.0,0,0
sw,E5c,3,lost_payments,0.0,0.0,0,0
sw,E5c,3,overbooked_sections,0.0,0.0,0,0
sw,E5c,3,partial_batch,0.0,0.0,0,0
sw,E5c,3,phantom_payments,0.0,0.0,0,0
sw,E5c,3,seat_counter_drift,0.0,0.0,0,0
sw,E5c,3,stuck_jobs,0.0,0.0,0,0
sw,E5c,3,unfinished_payments,0.0,0.0,0,0
sw,E5c,3,unscheduled_sections,0.0,0.0,0,0
sw,E6,3,availability,0.8563,0.0076,0.84938,0.86448
sw,E6,3,failed_requests,3017.3333,160.051,2846,3163
sw,E6,3,p95_ms,435.1667,3.9804,430.6,437.9
sw,E6,3,client_impact_s,0.3,0.03,0.27,0.33
sw,E6,3,detection_s,0.3733,0.0153,0.36,0.39
sw,E6,3,recovery_s,59.6667,0.5774,59.0,60.0
sw,E6,3,recovered_share,1.0,0.0,True,True
sw,E6,3,downtime_s,59.6667,0.5774,59.0,60.0
sw,E6,3,fault_window_failed,3017.3333,160.051,2846,3163
sw,E6,3,MTTR_s,59.6667,0.5774,59.0,60.0
sw,E6,3,payments_recovered_by_retry,0.0,0.0,0,0
sw,E6,3,recovered_by_system,0.0,0.0,0,0
sw,E6,3,automatic_restarts,0.0,0.0,0,0
sw,E6,3,bad_copies,0.0,0.0,0,0
sw,E6,3,confirmed_without_tuition,0.0,0.0,0,0
sw,E6,3,duplicate_charges,0.0,0.0,0,0
sw,E6,3,invoice_mismatch,0.0,0.0,0,0
sw,E6,3,lost_documents,0.0,0.0,0,0
sw,E6,3,lost_payments,0.0,0.0,0,0
sw,E6,3,overbooked_sections,0.0,0.0,0,0
sw,E6,3,partial_batch,0.0,0.0,0,0
sw,E6,3,phantom_payments,0.0,0.0,0,0
sw,E6,3,seat_counter_drift,0.0,0.0,0,0
sw,E6,3,stuck_jobs,0.0,0.0,0,0
sw,E6,3,unfinished_payments,0.0,0.0,0,0
sw,E6,3,unscheduled_sections,0.0,0.0,0,0
sw,E7,1,availability,0.9054,0.0,0.90537,0.90537
sw,E7,1,failed_requests,3491.0,0.0,3491,3491
sw,E7,1,p95_ms,503.1,0.0,503.1,503.1
sw,E7,1,client_impact_s,0.33,0.0,0.33,0.33
sw,E7,1,detection_s,2.44,0.0,2.44,2.44
sw,E7,1,recovery_s,915.0,0.0,915.0,915.0
sw,E7,1,recovered_share,1.0,0.0,True,True
sw,E7,1,downtime_s,269.0,0.0,269.0,269.0
sw,E7,1,fault_window_failed,3491.0,0.0,3491,3491
sw,E7,1,MTTR_s,24.5,0.0,24.5,24.5
sw,E7,1,payments_recovered_by_retry,79.0,0.0,79,79
sw,E7,1,recovered_by_system,558.0,0.0,558,558
sw,E7,1,automatic_restarts,0.0,0.0,0,0
sw,E7,1,bad_copies,0.0,0.0,0,0
sw,E7,1,confirmed_without_tuition,0.0,0.0,0,0
sw,E7,1,duplicate_charges,0.0,0.0,0,0
sw,E7,1,invoice_mismatch,0.0,0.0,0,0
sw,E7,1,lost_documents,0.0,0.0,0,0
sw,E7,1,lost_payments,0.0,0.0,0,0
sw,E7,1,overbooked_sections,0.0,0.0,0,0
sw,E7,1,partial_batch,0.0,0.0,0,0
sw,E7,1,phantom_payments,0.0,0.0,0,0
sw,E7,1,seat_counter_drift,0.0,0.0,0,0
sw,E7,1,stuck_jobs,0.0,0.0,0,0
sw,E7,1,unfinished_payments,0.0,0.0,0,0
sw,E7,1,unscheduled_sections,0.0,0.0,0,0
sw,E9,3,availability,0.9889,0.0004,0.98867,0.98933
sw,E9,3,failed_requests,33.3333,1.1547,32,34
sw,E9,3,p95_ms,94.0,0.1,93.9,94.1
sw,E9,3,client_impact_s,20.89,1.4068,19.57,22.37
sw,E9,3,detection_s,,,,
sw,E9,3,recovery_s,89.0,6.9282,85.0,97.0
sw,E9,3,recovered_share,1.0,0.0,True,True
sw,E9,3,downtime_s,5.6667,0.5774,5.0,6.0
sw,E9,3,fault_window_failed,33.3333,1.1547,32,34
sw,E9,3,MTTR_s,1.0667,0.1155,1.0,1.2
sw,E9,3,payments_recovered_by_retry,0.0,0.0,0,0
sw,E9,3,recovered_by_system,0.0,0.0,0,0
sw,E9,3,automatic_restarts,0.0,0.0,0,0
sw,E9,3,bad_copies,149.3333,7.5719,144,158
sw,E9,3,confirmed_without_tuition,0.0,0.0,0,0
sw,E9,3,duplicate_charges,0.0,0.0,0,0
sw,E9,3,invoice_mismatch,0.0,0.0,0,0
sw,E9,3,lost_documents,149.3333,7.5719,144,158
sw,E9,3,lost_payments,0.0,0.0,0,0
sw,E9,3,overbooked_sections,0.0,0.0,0,0
sw,E9,3,partial_batch,0.0,0.0,0,0
sw,E9,3,phantom_payments,0.0,0.0,0,0
sw,E9,3,seat_counter_drift,0.0,0.0,0,0
sw,E9,3,stuck_jobs,0.0,0.0,0,0
sw,E9,3,unfinished_payments,0.0,0.0,0,0
sw,E9,3,unscheduled_sections,0.0,0.0,0,0
